scenario,car_id,arrival_time,service_start,departure_time,wait_time,service_time
Early Merge,1,0.9385361799537182,1.5172226574297727,3.808866299576071,0.5786864774760545,2.2916436421462985
Early Merge,2,6.958779041788761,7.188706288785685,9.095007441275513,0.22992724699692424,1.9063011524898277
Early Merge,3,9.59227042887966,9.729772951401968,11.834358842790456,0.13750252252230766,2.104585891388489
Early Merge,4,11.418155536431566,12.026745813900645,13.833665786922609,0.6085902774690783,1.8069199730219632
Early Merge,5,11.75740527735626,14.240032368796191,16.237282274542725,2.482627091439932,1.9972499057465325
Early Merge,6,12.096597861185469,16.406360092956525,18.26731717664622,4.309762231771057,1.8609570836896945
Early Merge,7,12.21627539840283,18.273488840193,20.202587629690814,6.05721344179017,1.9290987894978153
Early Merge,8,16.23873712736271,20.73716873115065,22.815715838781724,4.498431603787939,2.078547107631074
Early Merge,9,18.07690143461724,23.049647345983953,24.704181141013912,4.972745911366712,1.6545337950299581
Early Merge,10,20.539401558026423,24.92990064978981,27.45761683249545,4.390499091763388,2.527716182705638
Early Merge,11,20.5810001740247,27.506203232099054,29.104398017649142,6.925203058074352,1.5981947855500893
Early Merge,12,27.588115124341325,29.31950541638276,30.85524883254644,1.7313902920414357,1.5357434161636803
Early Merge,13,31.160974211050675,31.261104524029847,33.50853778607987,0.10013031297917152,2.2474332620500204
Early Merge,14,31.638349461548568,33.71920801321732,35.8567068214062,2.0808585516687508,2.1374988081888806
Early Merge,15,32.039707439047895,35.87924943516274,37.966485380278385,3.8395419961148463,2.0872359451156464
Early Merge,16,32.444930284712406,38.18098384397155,40.269487496750834,5.7360535592591475,2.0885036527792837
Early Merge,17,33.17043774363336,41.75783207869171,43.65415804683764,8.587394335058356,1.8963259681459255
Early Merge,18,34.65829340535507,43.6640406466165,45.29486433517075,9.005747241261432,1.6308236885542504
Early Merge,19,35.78936753891574,46.050836957683195,47.97357832514131,10.261469418767454,1.9227413674581177
Early Merge,20,36.477813524023624,48.07805946163223,49.774910948178594,11.600245937608605,1.6968514865463664
Early Merge,21,38.37055527182322,50.18411764038174,52.37665356040707,11.813562368558522,2.192535920025325
Early Merge,22,38.6710243292779,52.68165957179393,54.537542357343284,14.010635242516031,1.8558827855493583
Early Merge,23,39.362055353282706,54.70495337852859,56.35730421949084,15.342898025245887,1.6523508409622465
Early Merge,24,40.2746097897244,56.62552957666137,58.429113824165476,16.35091978693697,1.803584247504102
Early Merge,25,41.49247916544395,58.85070764435714,60.87458708063983,17.35822847891319,2.0238794362826873
Early Merge,26,44.568351187505776,60.978137096369565,62.709019730528375,16.40978590886379,1.7308826341588075
Early Merge,27,45.01382291176316,62.78823157548658,64.44156545681665,17.77440866372342,1.6533338813300704
Early Merge,28,46.45788122182941,64.66184472025111,66.63495088369868,18.2039634984217,1.9731061634475735
Early Merge,29,48.252890664448934,66.9648424522929,68.93833242362551,18.711951787843965,1.9734899713326168
Early Merge,30,48.34801836396175,69.22566909738961,70.97358614477827,20.877650733427863,1.747917047388661
Early Merge,31,50.21868440526097,71.29329924006782,73.05198774838233,21.07461483480685,1.7586885083145032
Early Merge,32,50.5926069092158,73.16638024773071,75.135995228938,22.57377333851491,1.9696149812072907
Early Merge,33,50.72713477097441,75.47656285021517,76.94213754776598,24.749428079240765,1.4655746975508026
Early Merge,34,56.67451035798827,76.96775174029669,78.44551260798373,20.293241382308423,1.4777608676870333
Early Merge,35,63.41577104291061,78.60277973365258,80.28724646727684,15.187008690741969,1.6844667336242691
Early Merge,36,66.72043418853637,80.28840152838009,82.12436738286654,13.567967339843719,1.8359658544864457
Early Merge,37,67.44700990847389,82.20285322105518,84.19612549073457,14.755843312581291,1.9932722696794012
Early Merge,38,67.6525645384789,84.2874124032604,86.63001926834527,16.634847864781506,2.3426068650848655
Early Merge,39,69.95806606467622,86.730912675383,88.8882105623436,16.77284661070678,2.1572978869606056
Early Merge,40,71.11824774984701,89.12600586274984,90.9780243037608,18.00775811290282,1.8520184410109717
Early Merge,41,71.37855221775591,91.07641137230308,92.97070650993228,19.697859154547174,1.8942951376291932
Early Merge,42,72.74564667402421,93.08979942704507,94.68904061765372,20.34415275302085,1.5992411906086572
Early Merge,43,72.81563411691117,94.74328274740012,96.6377288066024,21.927648630488946,1.894446059202283
Early Merge,44,77.61647989169722,96.73117088671253,98.54457329503649,19.11469099501531,1.8134024083239586
Early Merge,45,78.21539544537859,98.5961383145431,100.59295388264452,20.380742869164507,1.9968155681014268
Early Merge,46,80.38790704250854,100.6081565002956,102.2599872172299,20.220249457787062,1.651830716934303
Early Merge,47,81.13500020582379,102.4449771362936,104.50078109056595,21.309976930469816,2.0558039542723514
Early Merge,48,82.60322199764224,104.72143338558017,107.08125505948094,22.118211387937933,2.359821673900773
Early Merge,49,84.18566959360584,107.27450380551062,109.14187576097356,23.088834211904782,1.8673719554629427
Early Merge,50,84.59444679262165,109.26641128397695,111.28692480060663,24.671964491355297,2.0205135166296824
Early Merge,51,91.5800610580941,111.3824628695626,113.48950606707594,19.8024018114685,2.1070431975133337
Early Merge,52,94.56455181237038,113.88754861145489,115.66718246988914,19.322996799084507,1.779633858434249
Early Merge,53,100.17474065095355,115.81359408084946,117.78082182539258,15.638853429895903,1.967227744543125
Early Merge,54,104.67904464602195,117.91129270369562,119.81507042393017,13.232248057673672,1.9037777202345383
Early Merge,55,106.5011534707885,119.82026573471857,121.74956856428322,13.31911226393008,1.9293028295646495
Early Merge,56,111.6000242293273,121.83305014056538,123.50114720540874,10.233025911238073,1.66809706484336
Early Merge,57,111.78533514723354,123.5968174783885,125.50417053066619,11.811482331154963,1.9073530522776827
Early Merge,58,112.22160453649607,125.60594363350579,127.65534312087942,13.384339097009715,2.0493994873736345
Early Merge,59,112.31416846786973,127.82892533185247,130.16426841419099,15.51475686398274,2.3353430823385124
Early Merge,60,113.1012326414759,130.31681183506157,132.50459308288714,17.21557919358567,2.187781247825562
Early Merge,61,114.08549322506434,132.6918433545421,135.23779809179555,18.60635012947776,2.5459547372534668
Early Merge,62,114.718614111482,135.52733271755292,137.1971284486865,20.808718606070926,1.6697957311335851
Early Merge,63,118.24772984196386,137.53244252898352,139.69413871999973,19.284712687019663,2.1616961910162034
Early Merge,64,119.1301838410236,139.947395668766,141.9023982704875,20.817211827742412,1.9550026017215054
Early Merge,65,119.7897895212921,142.52495801548835,145.08189889545366,22.73516849419626,2.5569408799653015
Early Merge,66,121.35460368770758,145.0855790643702,146.74308957876366,23.730975376662613,1.6575105143934545
Early Merge,67,121.65839998334884,146.78666556090616,148.4347490082519,25.128265577557315,1.648083447345767
Early Merge,68,124.8993671748983,148.4362673319582,150.15644953832498,23.53690015705989,1.7201822063667933
Early Merge,69,125.05431891252093,150.36497612360654,151.6278074063136,25.310657211085612,1.2628312827070578
Early Merge,70,133.72261159169557,152.08442380832687,153.82669730182263,18.361812216631307,1.7422734934957715
Early Merge,71,136.68157914417858,153.88250317067818,155.55476337221208,17.200924026499592,1.6722602015338905
Early Merge,72,137.12465802519037,156.0783172054568,158.02343534139968,18.953659180266442,1.9451181359428622
Early Merge,73,137.13573286594223,158.0358673217874,160.03839411452054,20.900134455845176,2.0025267927331476
Early Merge,74,140.51552642091448,160.58333989912057,163.04619115088533,20.06781347820609,2.4628512517647656
Early Merge,75,142.96971823568856,163.13284764674665,165.31797479820247,20.163129411058094,2.185127151455815
Early Merge,76,145.58104405326455,165.33936289048086,167.06629179378214,19.758318837216308,1.726928903301279
Early Merge,77,148.53147310535158,167.19934830356203,168.82982390215753,18.667875198210453,1.6304755985954926
Early Merge,78,148.68533163637917,168.88917561477317,170.9367513662251,20.20384397839399,2.0475757514519515
Early Merge,79,149.57311698121163,171.00381036474343,172.50774040263724,21.430693383531803,1.5039300378938072
Early Merge,80,149.81941719042052,172.5811691600695,175.0306067898258,22.76175196964897,2.449437629756306
Early Merge,81,153.79647633373696,175.3555433938189,177.60937543003527,21.55906706008193,2.253832036216386
Early Merge,82,155.74907871716172,177.76431685766292,179.5235641620315,22.015238140501197,1.7592473043685886
Early Merge,83,156.5527163196643,179.5981563011822,180.98421594245494,23.045439981517887,1.3860596412727366
Early Merge,84,156.68405245127389,181.17270889464584,183.47887060689547,24.48865644337195,2.306161712249624
Early Merge,85,157.42902915209459,183.7307329518251,185.5963709982493,26.301703799730518,1.8656380464242146
Early Merge,86,158.21565757846284,185.6600333466909,187.93137824028295,27.44437576822807,2.2713448935920386
Early Merge,87,160.83140914637832,188.03811150707477,189.45978320943647,27.206702360696454,1.4216717023616898
Early Merge,88,162.86118786423037,189.48577900134075,191.2059664944546,26.62459113711037,1.720187493113868
Early Merge,89,167.2256916890334,191.24593720799902,193.14751031791448,24.020245518965623,1.901573109915455
Early Merge,90,168.503823955786,193.3760970564397,195.29019123456914,24.8722731006537,1.9140941781294225
Early Merge,91,168.758568743017,195.33023254686586,197.09521290542207,26.57166380384885,1.764980358556227
Early Merge,92,171.2568214316502,197.2441698053685,199.33102478507274,25.987348373718305,2.0868549797042495
Early Merge,93,174.1176069378039,199.57794298496069,201.1576568561459,25.460336047156773,1.5797138711852217
Early Merge,94,175.76538192757556,201.18026303285,203.03754918734361,25.414881105274446,1.857286154493612
Early Merge,95,178.71316186101828,203.20509696185724,205.14118565137082,24.49193510083896,1.9360886895135696
Early Merge,96,180.07479132403884,205.2004798433893,207.25481149360692,25.12568851935046,2.0543316502176245
Early Merge,97,181.55414900159337,207.9137840879685,210.02726855139517,26.359635086375135,2.113484463426667
Early Merge,98,182.66977738941023,210.15942222566053,211.72202959810917,27.489644836250307,1.5626073724486391
Early Merge,99,182.72127293739047,212.05000134159624,213.48976709037555,29.328728404205776,1.4397657487793132
Early Merge,100,182.94960780777419,213.64956934037428,215.93287238694384,30.6999615326001,2.2833030465695527
Early Merge,101,183.0134751703603,215.94174899679982,217.9414432003937,32.92827382643952,1.9996942035938774
Early Merge,102,185.0369342722154,218.14200439710856,219.8174584361416,33.10507012489316,1.675454039033034
Early Merge,103,185.7917276898056,220.42229854016657,222.78764413282332,34.630570850360954,2.3653455926567566
Early Merge,104,187.212602044074,222.9717098173741,224.90641220766196,35.75910777330009,1.9347023902878575
Early Merge,105,191.97513310376596,225.2484726506035,227.50226180582266,33.27333954683755,2.253789155219148
Early Merge,106,192.54861074973255,227.93345111185346,229.8537066562765,35.38484036212091,1.9202555444230327
Early Merge,107,193.6051746994979,229.9054814694438,232.4237058469084,36.300306769945905,2.518224377464596
Early Merge,108,196.42267299457507,232.47136866574445,234.8979709184774,36.048695671169384,2.426602252732961
Early Merge,109,196.94228330840986,235.0867963314193,236.91210708687558,38.14451302300944,1.825310755456278
Early Merge,110,197.10249186551022,237.0179825733423,239.2094538586286,39.91549070783208,2.1914712852863065
Early Merge,111,197.78677247328434,239.57579685506238,241.66940963993792,41.789024381778034,2.0936127848755444
Early Merge,112,198.13838919028447,242.1299729106805,244.4405623779402,43.99158372039602,2.3105894672597045
Early Merge,113,203.44828936204573,244.5277744736249,246.13829743545088,41.079485111579174,1.6105229618259687
Early Merge,114,206.75006352301486,246.19236295837257,248.2981783963721,39.44229943535771,2.1058154379995315
Early Merge,115,208.7570519040559,248.60148225553058,250.81900960158546,39.84443035147467,2.2175273460548763
Early Merge,116,212.86009136509753,250.8832728261323,252.25565098020536,38.02318146103477,1.3723781540730657
Early Merge,117,216.11602924657865,252.60153676530916,254.14655921150944,36.485507518730515,1.5450224462002673
Early Merge,118,216.52902019929593,254.25679787166052,255.5450282183325,37.727777672364596,1.2882303466719698
Early Merge,119,220.99064700976706,255.7652813189736,257.5844592686402,34.77463430920653,1.8191779496666327
Early Merge,120,222.5408468136994,257.60454167209843,259.7198043488372,35.06369485839903,2.1152626767387885
Early Merge,121,225.83554339630655,259.9153627626503,262.26606987827915,34.07981936634377,2.350707115628808
Early Merge,122,230.364028694879,262.3862811058717,264.30850953999766,32.02225241099271,1.9222284341259324
Early Merge,123,231.12949012771566,264.485181560811,266.8737662244824,33.35569143309533,2.3885846636713874
Early Merge,124,231.36267444796334,266.910554207467,268.39652377000255,35.547879759503644,1.4859695625355325
Early Merge,125,231.8800479402421,268.66354803095226,270.0525332991457,36.78350009071016,1.3889852681934536
Early Merge,126,232.99416332573932,270.4497921517881,272.3331278421191,37.45562882604875,1.8833356903310143
Early Merge,127,236.4018227790172,272.3819859074568,274.3972055421386,35.980163128439585,2.015219634681792
Early Merge,128,240.34451272277687,274.41732758439116,276.3075191599629,34.07281486161429,1.890191575571772
Early Merge,129,240.35846554114016,276.3123036519492,277.5920710219373,35.953838110809045,1.279767369988037
Early Merge,130,241.78821785981728,277.7974995595472,279.67076354769335,36.00928169972991,1.8732639881461635
Early Merge,131,242.86876450165462,279.8576005423581,281.36625969220665,36.98883604070349,1.508659149848544
Early Merge,132,243.37109917820626,281.52449877488334,283.62540053953234,38.153399596677076,2.1009017646490116
Early Merge,133,243.62645996129757,283.6781798721206,285.68815934594966,40.05171991082304,2.009979473829054
Early Merge,134,244.45027712102242,285.7873158789627,287.4053519430645,41.33703875794029,1.6180360641017932
Early Merge,135,250.17651936640473,287.58586715257235,289.33170707737133,37.409347786167615,1.7458399247989917
Early Merge,136,250.95728697216768,289.4690474203697,291.051283363803,38.51176044820201,1.5822359434333144
Early Merge,137,252.420192583688,291.93230999647926,293.8135062672973,39.51211741279127,1.8811962708180483
Early Merge,138,254.8483665374497,293.8428445898204,296.02938728597076,38.99447805237071,2.1865426961503713
Early Merge,139,255.75231553538362,296.26697079845485,297.8712529845542,40.51465526307123,1.6042821860993368
Early Merge,140,262.887911811967,297.97486290471625,300.0260768593716,35.086951092749246,2.051213954655353
Early Merge,141,269.4519315410498,300.13786992450196,301.8787926389902,30.68593838345214,1.7409227144882677
Early Merge,142,270.0320541310342,302.131677211274,303.7938153615953,32.09962308023978,1.6621381503212966
Early Merge,143,271.4073726879619,304.02962987665927,305.8975207686729,32.62225718869735,1.8678908920136326
Early Merge,144,272.12323360812,306.84539813024577,308.43482543351996,34.72216452212575,1.5894273032741877
Early Merge,145,272.79373296088215,308.4623090583473,310.19621426674314,35.66857609746512,1.7339052083958453
Early Merge,146,272.8689019164132,310.21820171675125,311.7588383489746,37.34929980033803,1.5406366322233453
Early Merge,147,274.7498860583784,312.0165549021093,314.5059724419842,37.26666884373088,2.4894175398749168
Early Merge,148,276.1469253240377,314.6787058920778,316.5892849576693,38.53178056804012,1.9105790655915185
Early Merge,149,276.25262749879846,316.6533702761593,318.34345262376155,40.40074277736085,1.6900823476022242
Early Merge,150,276.9058793408192,318.3600027612311,320.3241967344514,41.45412342041192,1.9641939732202665
Early Merge,151,281.68360124299784,320.34210690866416,322.2084084937569,38.658505665666326,1.8663015850927511
Early Merge,152,282.231322347282,322.65763219625,324.49134131639005,40.426309848968,1.833709120140033
Early Merge,153,282.54438406925294,324.533947122762,326.61819713277504,41.98956305350907,2.0842500100130277
Early Merge,154,283.8889282882002,326.69632373136454,328.82357604437874,42.80739544316435,2.1272523130141914
Early Merge,155,292.3770022534307,328.8749824103979,330.6158320661147,36.497980156967174,1.7408496557168416
Early Merge,156,292.93129188055013,330.7035319130768,332.4307864408834,37.77224003252667,1.7272545278065958
Early Merge,157,295.1616019011447,332.44517671302975,334.26266120388425,37.283574811885046,1.8174844908545067
Early Merge,158,298.0293771536236,334.4090636682894,335.6184873188687,36.379686514665764,1.2094236505793245
Early Merge,159,298.5720434982952,335.6324886881442,337.0779313694846,37.06044518984896,1.4454426813404344
Early Merge,160,301.17754135527986,337.40017577791644,339.7102380581498,36.22263442263659,2.3100622802333572
Early Merge,161,302.09458695380846,339.76347751968666,342.15696783373704,37.6688905658782,2.393490314050385
Early Merge,162,304.095594449272,342.31227877196676,344.13756796009983,38.21668432269473,1.8252891881330864
Early Merge,163,306.1032701035473,344.5617525233978,346.63471961231454,38.4584824198505,2.0729670889167298
Early Merge,164,307.638040603452,346.84518602039657,348.8385610667596,39.20714541694457,1.9933750463630608
Early Merge,165,307.8272989210752,348.9908281932746,351.81449243581113,41.163529272199355,2.8236642425365712
Early Merge,166,311.43458850956785,351.892903644308,354.12877611773837,40.45831513474013,2.2358724734303728
Early Merge,167,312.20820909690264,354.20976973798315,356.0713944605389,42.001560641080516,1.86162472255577
Early Merge,168,312.62107331011777,356.29281629065287,357.90615415847276,43.6717429805351,1.6133378678198722
Early Merge,169,312.70433282970646,358.93405349341424,360.352119597337,46.22972066370778,1.4180661039227282
Early Merge,170,314.4918896388956,360.56896634273005,362.5300054334902,46.07707670383445,1.961039090760167
Early Merge,171,316.7555931074303,362.6931965356838,364.3662913120985,45.93760342825351,1.6730947764147088
Early Merge,172,316.78904700254725,364.62864041693706,366.10196430405773,47.83959341438981,1.4733238871206977
Early Merge,173,318.2243081716462,366.2271388896542,367.9331670243815,48.002830718008,1.706028134727242
Early Merge,174,318.73795646575616,367.9455723930781,369.5211079919938,49.20761592732197,1.5755355989156814
Early Merge,175,320.81020514885154,369.68635084402257,372.0924933345443,48.87614569517103,2.4061424905217694
Early Merge,176,321.1934135939298,372.7247340200034,374.8892259470882,51.53132042607359,2.164491927084835
Early Merge,177,323.54183864906526,374.9277737796764,376.8253819872814,51.38593513061113,1.8976082076050147
Early Merge,178,324.51975605102746,377.05962173897507,379.40360498064206,52.53986568794761,2.343983241667008
Early Merge,179,330.0404436866361,379.4484672493905,381.3716777416848,49.40802356275441,1.9232104922942854
Early Merge,180,330.33633251351466,381.52517762689007,383.16679236649156,51.18884511337541,1.6416147396015208
Early Merge,181,331.170597381505,383.187127263232,385.54406448641294,52.016529881727024,2.356937223180897
Early Merge,182,331.411485951579,385.6637668179821,387.7254398310875,54.25228086640311,2.0616730131053975
Early Merge,183,336.5838667458804,388.007691162796,389.5965173164981,51.42382441691558,1.588826153702063
Early Merge,184,340.7805341602024,389.6819280687952,391.5248264653701,48.90139390859275,1.8428983965749175
Early Merge,185,341.3771889003254,391.7434987199453,393.3808132439299,50.366309819619914,1.6373145239845728
Early Merge,186,343.53471437841324,393.69820177251313,395.1833618532238,50.16348739409989,1.485160080710699
Early Merge,187,346.9336825236917,395.70730879176466,397.88516205602417,48.773626268072974,2.1778532642594923
Early Merge,188,348.5539472450647,397.9386443935673,400.41146938570836,49.384697148502596,2.4728249921410392
Early Merge,189,350.0625060654526,400.51340661229125,401.9938363401455,50.450900546838625,1.4804297278542575
Early Merge,190,350.61626015632845,402.02690940920996,404.0958001802171,51.41064925288151,2.068890771007171
Early Merge,191,350.81171243727835,405.0739311726267,406.77873840189017,54.26221873534837,1.7048072292634517
Early Merge,192,355.3619588876674,407.30220022132187,409.0560626061925,51.940241333654456,1.753862384870591
Early Merge,193,359.9755077429643,409.2113497259523,410.93363154868064,49.235841982988006,1.7222818227283392
Early Merge,194,361.98084758193005,411.30270574709306,412.9435085161891,49.32185816516301,1.6408027690960552
Early Merge,195,362.8089406015527,413.0907019072488,415.0052583956322,50.28176130569608,1.914556488383448
Early Merge,196,363.668075833176,415.2006713653566,416.8513863304333,51.53259553218061,1.6507149650766886
Early Merge,197,366.2570066926302,416.87005612634186,418.85119317407583,50.61304943371164,1.9811370477339516
Early Merge,198,370.80520139084473,419.13271346110696,421.01764202827223,48.32751207026223,1.884928567165259
Early Merge,199,375.167466529638,421.044969495318,422.8732850812581,45.87750296568004,1.828315585940077
Early Merge,200,378.1945909134998,423.22310282824515,424.85083372963265,45.028511914745366,1.6277309013875205
Early Merge,201,380.2492123006352,425.15551154303637,426.88248014386585,44.90629924240119,1.7269686008295
Early Merge,202,380.42499575302736,427.12919115768455,429.25580852543226,46.704195404657185,2.126617367747727
Early Merge,203,380.7775841823942,429.26317459904254,431.3134497553299,48.485590416648336,2.0502751562873143
Early Merge,204,385.35404518274925,431.3856805633402,432.9924139899006,46.031635380590956,1.6067334265604345
Early Merge,205,387.21903307668043,433.05347801773644,434.9832777093652,45.834444941056006,1.9297996916287676
Early Merge,206,387.2375122879024,435.07257776176914,437.1979938987807,47.835065473866734,2.1254161370115368
Early Merge,207,387.45150609077433,437.21633862689515,438.61551704255874,49.76483253612082,1.3991784156635885
Early Merge,208,389.6298308653548,439.16830730273716,441.23131536045116,49.53847643738237,2.06300805771398
Early Merge,209,389.6399797394584,441.3927139642038,443.09392683652004,51.75273422474538,1.7012128723162458
Early Merge,210,389.9906113716668,443.16684646090954,445.23802606148746,53.176235089242766,2.0711796005779477
Early Merge,211,391.5820070639446,445.3391875477088,447.010209800746,53.75718048376416,1.671022253037245
Early Merge,212,393.93663763725425,447.1287625211945,448.48729789099514,53.19212488394027,1.3585353698006442
Early Merge,213,396.04752060152475,448.6708534250393,450.0825906936744,52.623332823514545,1.4117372686350511
Early Merge,214,396.5554203361408,450.22759234408346,452.14201782808186,53.67217200794266,1.9144254839984145
Early Merge,215,399.0462549139379,452.6456492373854,454.6235659879018,53.599394323447484,1.9779167505164446
Early Merge,216,399.5879024320435,454.760984490486,456.3896895029547,55.1730820584425,1.6287050124686773
Early Merge,217,400.37517224987965,457.35934215602674,459.45091989365994,56.98416990614709,2.091577737633212
Early Merge,218,403.11988735321125,459.8322529163256,461.23379689764494,56.71236556311436,1.401543981319312
Early Merge,219,405.2174349818168,461.2805646344128,463.1607406948186,56.06312965259605,1.8801760604058049
Early Merge,220,409.00134713674356,463.6943005869364,465.23099572700767,54.69295345019282,1.536695140071263
Early Merge,221,411.14497371308306,465.25573828290965,466.960187450569,54.110764569826586,1.704449167659352
Early Merge,222,412.8250623242576,467.3003333653711,469.214552966766,54.4752710411135,1.9142196013949242
Early Merge,223,413.0217764471544,469.31036129049943,470.95223728091423,56.28858484334501,1.6418759904148141
Early Merge,224,413.93860906156846,471.37294203456287,473.15757537129394,57.43433297299441,1.7846333367310523
Early Merge,225,414.55492935728614,473.5626519551251,475.7645397978894,59.00772259783895,2.2018878427643322
Early Merge,226,415.114329764611,476.0924423295609,477.819374768704,60.978112564949924,1.7269324391430554
Early Merge,227,422.33894857693684,478.1315333074169,480.28224094103643,55.79258473048003,2.1507076336195423
Early Merge,228,423.3377235710169,480.3549173149548,481.9160052585575,57.01719374393787,1.5610879436027145
Early Merge,229,427.789833993514,481.93288152439766,483.99182277777226,54.14304753088368,2.058941253374585
Early Merge,230,429.78450276498694,484.0949837707207,486.4274543569181,54.31048100573378,2.33247058619737
Early Merge,231,432.95215327036374,486.4655713615914,487.6240780115532,53.51341809122766,1.158506649961813
Early Merge,232,434.3490239191413,487.8615346417487,489.52246606510755,53.512510722607374,1.6609314233588568
Early Merge,233,436.0693357244245,489.6074261503502,491.6805477885043,53.5380904259257,2.073121638154162
Early Merge,234,437.4259225911079,492.42326584892976,494.26235223311687,54.99734325782185,1.8390863841871021
Early Merge,235,437.8603523817584,494.4672232560241,496.4785670180355,56.606870874265724,2.0113437620113928
Early Merge,236,440.42387598788997,496.8243020531175,498.54310649710277,56.40042606522752,1.7188044439852537
Early Merge,237,441.0830307246225,498.5715401388561,500.49751707509796,57.48850941423359,1.92597693624187
Early Merge,238,441.1322636867839,500.8936383837653,502.74693521314765,59.76137469698136,1.8532968293823762
Early Merge,239,443.20620125937444,503.2590955028709,505.50943012136884,60.05289424349644,2.2503346184979423
Early Merge,240,443.5960683998241,505.6429501494785,507.61927640246887,62.0468817496544,1.9763262529903638
Early Merge,241,449.2382346943707,507.80568571243384,509.80696651105643,58.56745101806314,2.0012807986225605
Early Merge,242,455.3933595199467,510.0964386579228,511.8728755680861,54.70307913797609,1.7764369101632598
Early Merge,243,460.32037928921443,511.911310829777,513.6650289625552,51.590931540562565,1.7537181327782518
Early Merge,244,461.2449540822092,513.8046874721985,515.5749200158525,52.559733389989276,1.7702325436541135
Early Merge,245,461.2761087129531,515.6766399789864,517.6949756216999,54.40053126603328,2.018335642713489
Early Merge,246,466.54715562761686,517.7266280439089,519.5003326996629,51.17947241629207,1.7737046557539211
Early Merge,247,467.665032181723,519.5919585961542,521.5788910532232,51.92692641443119,1.9869324570689237
Early Merge,248,474.4667162139671,521.593012525764,524.1156327653576,47.12629631179692,2.5226202395936315
Early Merge,249,481.0941871662275,524.1208629413514,526.282200352381,43.02667577512392,2.161337411029508
Early Merge,250,484.92896120058634,526.3112439588467,528.1134368991964,41.382282758260374,1.8021929403496475
Early Merge,251,485.62651333693066,528.7734275671918,531.033791743841,43.14691423026113,2.2603641766491833
Early Merge,252,486.599097201128,531.1932842971527,532.9708616852462,44.594187096024655,1.7775773880935346
Early Merge,253,490.40855050608417,533.646097251623,534.9346598910697,43.23754674553885,1.2885626394466438
Early Merge,254,491.1708429689456,535.0479620492714,536.6455361559962,43.877119080325826,1.5975741067247786
Early Merge,255,491.5422802015371,536.7202760016623,538.0590384253546,45.177995800125245,1.3387624236922433
Early Merge,256,493.16975418565755,538.2001398203101,539.9946857750978,45.03038563465259,1.7945459547876073
Early Merge,257,498.67234112727164,540.1104751532231,542.01600066698,41.438134025951456,1.9055255137568654
Early Merge,258,501.0539923227875,542.0383355670996,544.4412667607821,40.98434324431207,2.402931193682585
Early Merge,259,502.7422169956588,544.6460566016616,546.6441348137909,41.903839606002805,1.9980782121292486
Early Merge,260,502.94667339035743,546.6928138061905,548.5270836475479,43.74614041583311,1.8342698413573406
Early Merge,261,504.85573482139284,548.7203837044491,550.8692053788042,43.86464888305625,2.148821674355047
Early Merge,262,514.0768743170855,551.0792847466691,552.3159441539668,37.00241042958362,1.2366594072976345
Early Merge,263,514.37871549037,552.3489249442778,554.3196093117103,37.97020945390773,1.9706843674325696
Early Merge,264,515.8397061403331,554.3322717535004,556.4635313116665,38.49256561316736,2.13125955816609
Early Merge,265,520.0369234161346,556.7670504103113,558.2234745365773,36.73012699417666,1.4564241262660476
Early Merge,266,522.736991912842,558.3466378609957,560.5897640739578,35.609645948153684,2.243126212962079
Early Merge,267,525.1251407634453,560.6017488539785,562.6032977762268,35.476608090533205,2.001548922248324
Early Merge,268,527.5497158758943,563.6576841715741,565.4330977974039,36.107968295679825,1.7754136258297595
Early Merge,269,528.4407005605242,565.4450012136888,567.5348357735206,37.00430065316459,2.0898345598318855
Early Merge,270,529.1358247290584,567.7723475762207,570.353555433562,38.63652284716227,2.581207857341319
Early Merge,271,532.4505737435778,571.1766150490934,573.1311749256109,38.72604130551554,1.9545598765175485
Early Merge,272,535.7732301417519,573.1858466490023,575.1603128248925,37.41261650725039,1.9744661758901008
Early Merge,273,539.8091302364877,575.1910011971391,576.9531929272771,35.38187096065144,1.7621917301379266
Early Merge,274,544.698362160161,576.9790746084819,578.6241212976425,32.28071244832097,1.6450466891605624
Early Merge,275,546.1305486340268,578.6963942388307,580.845494983794,32.56584560480394,2.1491007449632735
Early Merge,276,547.5229173891292,580.8667996245043,582.5099744767317,33.34388223537508,1.6431748522273397
Early Merge,277,550.7248172537462,582.7456103707174,584.6670802418832,32.02079311697116,1.9214698711658176
Early Merge,278,552.8242554035218,584.6799435346431,586.4366463006136,31.855688131121383,1.7567027659704648
Early Merge,279,555.2453567005448,586.5790805511004,588.6227744988244,31.333723850555657,2.0436939477239173
Early Merge,280,558.4225956504532,589.7653504761844,591.7654491077705,31.342754825731163,2.0000986315860843
Early Merge,281,562.8372426031467,592.1018188631058,594.3130808463832,29.264576259959085,2.2112619832773697
Early Merge,282,563.662207417422,594.5040972617071,596.2510923420507,30.841889844285106,1.7469950803435759
Early Merge,283,564.6040809948771,596.3242221086681,598.14325962808,31.720141113790987,1.8190375194119885
Early Merge,284,564.8014730732518,598.3388374566439,599.9452083419092,33.53736438339206,1.6063708852653078
Early Merge,285,566.5283011264708,600.094957853085,601.8616698750621,33.56665672661427,1.7667120219771666
Early Merge,286,566.6015093348925,601.9727241073255,603.9859142552389,35.37121477243295,2.0131901479134555
Early Merge,287,567.8547232312567,604.013930040411,606.1410266254046,36.159206809154284,2.1270965849936054
Early Merge,288,569.4193124026309,606.576400837367,608.1997512401138,37.157088434736124,1.6233504027467123
Early Merge,289,570.0945737232599,608.3192403460723,610.480122122104,38.22466662281238,2.160881776031698
Early Merge,290,571.8818387835523,610.5234109585164,612.8301023161579,38.64157217496404,2.306691357641485
Early Merge,291,571.9437889077552,612.9217993528345,614.9458298238015,40.978010445079235,2.02403047096711
Early Merge,292,572.0199159063208,615.0527612107255,617.515799954493,43.03284530440476,2.4630387437674197
Early Merge,293,575.478618645397,617.8673155047111,619.53517874498,42.38869685931411,1.667863240268928
Early Merge,294,576.3717886938125,619.7997408095518,621.3263443985584,43.427952115739345,1.5266035890065748
Early Merge,295,576.6435667764074,621.6196760637924,622.9860599891211,44.97610928738504,1.3663839253287164
Early Merge,296,578.1208739529654,622.9882785011255,625.3370917945722,44.86740454816004,2.3488132934467547
Early Merge,297,581.0601698338569,625.4447153998603,627.5410250967666,44.38454556600345,2.0963096969062174
Early Merge,298,581.5464058407167,627.6723280409742,629.5556526397011,46.12592220025749,1.8833245987268634
Early Merge,299,583.4968450780297,629.5595284075944,631.5435189954903,46.06268332956472,1.983990587895946
Early Merge,300,583.6752671360094,631.6036895362947,633.1660428221052,47.928422400285285,1.562353285810487
Early Merge,301,583.7813973278301,633.451707758448,636.0854333523331,49.670310430617974,2.633725593885048
Early Merge,302,585.2972152090811,636.1149268957998,638.0536932503924,50.81771168671878,1.9387663545925682
Early Merge,303,586.8530360944706,638.2069702594454,640.1397886978268,51.35393416497482,1.9328184383814677
Early Merge,304,588.8821109908798,640.1882544490422,642.3059844362118,51.30614345816241,2.1177299871696076
Early Merge,305,591.4720321167132,642.3084234022616,644.3527261717826,50.836391285548416,2.044302769521014
Early Merge,306,598.9191461341131,644.4079299641527,646.3750951714364,45.48878383003955,1.9671652072837393
Early Merge,307,600.3717283725739,647.119986176065,648.7828438394314,46.74825780349113,1.6628576633664063
Early Merge,308,601.1517678007858,649.1062744710237,651.1477149781645,47.95450667023783,2.041440507140799
Early Merge,309,604.3230757602512,651.7893844882027,654.2539918371452,47.466308727951514,2.46460734894251
Early Merge,310,604.9547786911235,654.3878209619675,656.691446975814,49.433042270844,2.3036260138464932
Early Merge,311,606.1107455536701,656.714694466653,659.0926504546449,50.6039489129829,2.377955987991819
Early Merge,312,606.2741558908374,659.2514471500452,660.9980824471158,52.977291259207846,1.7466352970706442
Early Merge,313,606.3255111099203,661.1192479733332,662.7223665272556,54.79373686341296,1.6031185539224257
Early Merge,314,612.9002709564575,663.0944047047356,664.9566686287056,50.19413374827809,1.8622639239701055
Early Merge,315,616.5158062406875,664.977315091923,666.8940325656096,48.46150885123541,1.9167174736866084
Early Merge,316,618.8970917062862,667.0280129127356,669.2562703682769,48.13092120644933,2.2282574555412844
Early Merge,317,619.9488109952165,669.2887856050205,670.6810462161061,49.33997460980402,1.3922606110855542
Early Merge,318,620.3294240675007,670.7595587351088,673.118423830947,50.43013466760817,2.358865095838184
Early Merge,319,620.6696655506464,673.3858158065519,675.2384134369782,52.71615025590552,1.852597630426303
Early Merge,320,621.2456775288996,675.3676730756366,677.1396087546524,54.121995546737026,1.7719356790157739
Early Merge,321,622.8392588255263,677.2338939339367,678.8302626213587,54.3946351084104,1.5963686874219496
Early Merge,322,625.3469574010799,678.9305949293904,680.3341379278306,53.58363752831053,1.403542998440269
Early Merge,323,627.5057381004734,680.4571703600141,682.6041215352026,52.95143225954064,2.1469511751885744
Early Merge,324,628.1625626232515,682.9115603755814,684.833555765738,54.748997752329956,1.921995390156521
Early Merge,325,634.3587696203641,685.2788374690027,686.7918491990804,50.92006784863861,1.5130117300776837
Early Merge,326,637.0368044301146,687.4135608116849,688.9250371800658,50.37675638157032,1.5114763683809151
Early Merge,327,638.6532653939772,689.234239106157,691.03350369637,50.5809737121798,1.7992645902129614
Early Merge,328,640.5453263380521,691.1092898214907,693.5099962790775,50.56396348343867,2.4007064575868178
Early Merge,329,641.6334020691162,693.7430330660137,695.5651556606047,52.10963099689752,1.8221225945909185
Early Merge,330,642.2027246536643,695.6802651592776,697.1293222733422,53.47754050561332,1.449057114064568
Early Merge,331,643.0827529123105,697.188108081392,699.0143851621661,54.10535516908146,1.8262770807742168
Early Merge,332,645.919116607824,699.3819939074043,701.20017683648,53.46287729958033,1.8181829290756988
Early Merge,333,645.9481127672656,701.2080136598287,702.2989476669462,55.25990089256311,1.0909340071175284
Early Merge,334,646.1948735517456,702.7630200855543,704.6467316255989,56.56814653380877,1.8837115400446562
Early Merge,335,646.2890623056506,704.7705168125668,706.6012364535043,58.48145450691618,1.8307196409373965
Early Merge,336,646.3722252094852,706.8040179797712,708.9128798892152,60.43179277028594,2.1088619094440255
Early Merge,337,650.2406312767165,709.1282621363584,711.5829489648421,58.887630859641945,2.4546868284836036
Early Merge,338,652.6731125001179,712.0339323444539,714.2719018533182,59.36081984433599,2.237969508864327
Early Merge,339,653.9586816889437,714.4743904317191,716.2937238245527,60.51570874277547,1.8193333928335507
Early Merge,340,654.1645955258393,716.4840729973748,718.0521152247524,62.31947747153549,1.568042227377499
Early Merge,341,655.5176314574338,718.0659106649088,720.7379186058837,62.548279207474934,2.672007940974958
Early Merge,342,656.8005321216226,720.8840502142815,722.8018157444858,64.08351809265889,1.9177655302043464
Early Merge,343,657.1809215472231,722.8343592992371,724.738538086811,65.65343775201404,1.9041787875738838
Early Merge,344,658.3187198098277,725.0059884706395,726.8987509445066,66.68726866081181,1.892762473866999
Early Merge,345,659.3353930389941,727.0423298909717,729.0017553192021,67.70693685197762,1.9594254282303565
Early Merge,346,661.2488379048203,729.2297845885364,731.0864764649592,67.98094668371607,1.856691876422817
Early Merge,347,663.2650669769022,731.0949896888425,732.8228910867784,67.8299227119403,1.727901397935929
Early Merge,348,663.3577916249433,732.8406118737122,734.57655419134,69.48282024876892,1.7359423176278823
Early Merge,349,664.2965596342534,734.8285382673366,736.7187122862719,70.53197863308321,1.8901740189352003
Early Merge,350,666.2628096238188,736.7336751721988,738.4706477408587,70.47086554837995,1.7369725686598705
Early Merge,351,667.6616885290344,738.4854323262325,740.1715785914294,70.82374379719806,1.6861462651968506
Early Merge,352,671.5443874353854,740.1740150674314,742.1059441357389,68.62962763204598,1.931929068307569
Early Merge,353,673.6943369634954,742.7329494329829,744.5564562677566,69.03861246948748,1.8235068347737433
Early Merge,354,674.0500427010301,744.8239634763597,747.1751613729346,70.77392077532966,2.3511978965748064
Early Merge,355,674.1964075735425,747.2623209000812,748.3670299575633,73.06591332653875,1.1047090574820964
Early Merge,356,676.2531958677603,748.4373775538094,750.6648296093861,72.1841816860491,2.2274520555767383
Early Merge,357,676.3069340130951,750.7508948995194,753.0247204572687,74.44396088642429,2.2738255577492885
Early Merge,358,678.0696287687097,753.3227436972151,754.6007266274926,75.2531149285054,1.2779829302775552
Early Merge,359,683.704139679484,754.8172964310182,756.6144901527941,71.11315675153423,1.7971937217758953
Early Merge,360,685.4177045706391,756.6554515838161,758.4440193240174,71.237747013177,1.7885677402012625
Early Merge,361,686.4003059550869,758.4822779003084,759.9600243918931,72.08197194522154,1.4777464915846537
Early Merge,362,688.4619602707769,759.980740290132,761.6473952838547,71.51878001935506,1.6666549937227373
Early Merge,363,689.6878722188791,761.8633353658614,763.4301626122217,72.17546314698234,1.5668272463602513
Early Merge,364,691.2655009400318,763.7192633720664,766.1449445050935,72.45376243203464,2.4256811330270867
Early Merge,365,696.9417552324977,766.2065340950041,768.3872376129484,69.26477886250643,2.1807035179442384
Early Merge,366,697.917610287198,768.3914710966387,770.672937625137,70.47386080944068,2.2814665284982474
Early Merge,367,704.4157940102116,770.6900866066284,772.8065882258413,66.27429259641679,2.11650161921297
Early Merge,368,709.1309463777515,773.4941192264088,775.0554036950437,64.36317284865731,1.5612844686348313
Early Merge,369,709.5667388996324,775.1254414081044,776.8680853282204,65.55870250847204,1.7426439201160677
Early Merge,370,709.7105072102387,777.1613461368812,779.2081585052496,67.45083892664252,2.0468123683683754
Early Merge,371,709.9229578812019,779.4041450063472,780.9375066636796,69.48118712514531,1.5333616573324163
Early Merge,372,709.9597376568963,781.0337404948455,783.1476400238972,71.07400283794914,2.113899529051716
Early Merge,373,710.1581476802078,783.1936956276884,785.021598008241,73.03554794748061,1.8279023805525594
Early Merge,374,712.4558974253621,785.0474800260524,786.8350337837876,72.59158260069034,1.7875537577351208
Early Merge,375,712.6035966792549,787.0259429094835,789.1392308999446,74.42234623022864,2.1132879904610475
Early Merge,376,713.3719110558446,789.4372366116128,791.4705156050586,76.06532555576814,2.033278993445812
Early Merge,377,717.0989631360392,791.6770267317713,793.4687368820256,74.57806359573215,1.791710150254276
Early Merge,378,717.1460571424007,793.6198700075629,795.8676689485721,76.47381286516224,2.2477989410092745
Early Merge,379,720.5151181547726,795.876240266034,797.451921267754,75.36112211126135,1.5756810017200307
Early Merge,380,721.1772850884519,798.1434035737046,800.2281842557879,76.96611848525276,2.084780682083279
Early Merge,381,721.42878532811,800.5487901455568,802.6267205229474,79.12000481744678,2.077930377390515
Early Merge,382,723.8150961449899,802.6960151086749,804.5031511768807,78.88091896368508,1.8071360682058029
Early Merge,383,725.7978944978563,805.2852592914242,807.2830991980968,79.48736479356785,1.9978399066726353
Early Merge,384,729.9967261260302,807.4673003589907,808.991966286075,77.47057423296042,1.524665927084409
Early Merge,385,732.653313283559,809.1666233864839,811.343831492246,76.51331010292495,2.17720810576207
Early Merge,386,735.907304895547,811.619554817887,813.4640841769541,75.71224992233999,1.8445293590671032
Early Merge,387,736.5699726201605,813.7981020837228,815.5412851775671,77.22812946356237,1.743183093844288
Early Merge,388,736.9606392122414,815.7549863557167,817.9696891234678,78.7943471434753,2.2147027677510667
Early Merge,389,739.7381520042522,817.9971042558639,819.685801148701,78.25895225161162,1.6886968928371722
Early Merge,390,743.0265703707391,819.7683799271641,821.245841538255,76.74180955642498,1.477461611090932
Early Merge,391,752.3405801510196,821.7722918395399,823.2053030874827,69.4317116885203,1.4330112479428287
Early Merge,392,753.4047388593248,823.2561823650568,825.3379853504605,69.85144350573205,2.0818029854036917
Early Merge,393,754.3352266832483,825.431081572343,826.9469527665941,71.09585488909477,1.515871194251115
Early Merge,394,757.3311356899354,827.0601066119378,829.4865448665331,69.72897092200242,2.4264382545953094
Early Merge,395,758.1646030317969,829.6022961747178,830.8777173523528,71.43769314292092,1.2754211776348834
Early Merge,396,763.5048788805956,831.0675522484632,833.4764891589502,67.56267336786766,2.4089369104870113
Early Merge,397,767.4145571949281,834.0496962357063,836.0130014758671,66.6351390407782,1.9633052401607853
Early Merge,398,768.5352684138124,836.0680712207219,837.9390572871607,67.53280280690944,1.8709860664388822
Early Merge,399,771.3148378468034,837.9649654747617,839.701489748719,66.65012762795834,1.736524273957315
Early Merge,400,774.1241038205134,839.7454870790979,841.7652279134035,65.6213832585845,2.019740834305621
Late Merge,1,0.9385361799537182,3.11823926105427,5.491894969356876,2.179703081100552,2.373655708302606
Late Merge,2,6.958779041788761,7.9967031228649885,11.169014440276554,1.0379240810762278,3.172311317411565
Late Merge,3,9.59227042887966,11.505756218155572,13.985715572219,1.9134857892759118,2.4799593540634275
Late Merge,4,11.418155536431566,15.678246759993721,18.183457993017036,4.260091223562155,2.505211233023314
Late Merge,5,11.75740527735626,20.159404732216732,22.304876183667034,8.401999454860473,2.145471451450301
Late Merge,6,12.096597861185469,24.17902431164811,26.53916237504336,12.082426450462641,2.3601380633952527
Late Merge,7,12.21627539840283,29.051561918317592,31.667023156542033,16.83528651991476,2.6154612382244413
Late Merge,8,16.23873712736271,31.95769772895665,33.16057985409701,15.718960601593938,1.2028821251403623
Late Merge,9,18.07690143461724,34.567248074920066,36.023518279446066,16.490346640302825,1.4562702045260008
Late Merge,10,20.539401558026423,36.64070398729818,39.56098885311408,16.101302429271758,2.9202848658159004
Late Merge,11,20.5810001740247,41.406139940187536,43.9257457468771,20.825139766162835,2.519605806689559
Late Merge,12,27.588115124341325,45.22950454881185,47.50071621336498,17.64138942447053,2.2712116645531246
Late Merge,13,31.160974211050675,48.998824967230576,51.41172872037635,17.8378507561799,2.412903753145775
Late Merge,14,31.638349461548568,52.47931291106056,55.12262010481373,20.840963449511992,2.6433071937531696
Late Merge,15,32.039707439047895,55.31794030243767,57.340108526221115,23.278232863389775,2.022168223783447
Late Merge,16,32.444930284712406,58.12762555041332,59.9828122426317,25.682695265700914,1.855186692218381
Late Merge,17,33.17043774363336,64.16073883764865,66.69783051621702,30.990301094015294,2.537091678568377
Late Merge,18,34.65829340535507,69.46862990422446,71.18376895989394,34.81033649886939,1.7151390556694774
Late Merge,19,35.78936753891574,71.22790240601152,73.91367933501165,35.43853486709578,2.6857769290001303
Late Merge,20,36.477813524023624,74.0937811361624,75.30197261319591,37.61596761213878,1.2081914770335118
Late Merge,21,38.37055527182322,75.4432237533486,78.56363269947656,37.07266848152538,3.1204089461279505
Late Merge,22,38.6710243292779,79.85818655353694,82.58900479122607,41.18716222425904,2.73081823768913
Late Merge,23,39.362055353282706,84.29157457192193,86.87079538594163,44.92951921863922,2.579220814019713
Late Merge,24,40.2746097897244,87.1109723942917,90.19885608305356,46.83636260456729,3.0878836887618597
Late Merge,25,41.49247916544395,90.90377769689309,94.46960980801688,49.411298531449134,3.5658321111238034
Late Merge,26,44.568351187505776,96.30659487849469,99.41665392400738,51.73824369098892,3.110059045512691
Late Merge,27,45.01382291176316,100.73641754265455,101.8478055807224,55.72259463089139,1.1113880380678482
Late Merge,28,46.45788122182941,102.62920972567619,104.13350584896119,56.17132850384678,1.504296123285009
Late Merge,29,48.252890664448934,105.02595235353122,106.98857934914425,56.77306168908229,1.9626269956130247
Late Merge,30,48.34801836396175,107.69858899921265,110.11685273436024,59.3505706352509,2.4182637351475837
Late Merge,31,50.21868440526097,110.47003158436186,113.23239289869025,60.25134717910089,2.762361314328386
Late Merge,32,50.5926069092158,114.0648527061584,115.95683203695098,63.4722457969426,1.891979330792574
Late Merge,33,50.72713477097441,117.12442566804779,119.65516240318175,66.39729089707339,2.5307367351339547
Late Merge,34,56.67451035798827,121.7212764782892,123.59250842564187,65.04676612030093,1.8712319473526742
Late Merge,35,63.41577104291061,124.60391058051673,126.57584811842236,61.18813953760611,1.971937537905636
Late Merge,36,66.72043418853637,128.00764849800788,129.42298573021412,61.28721430947151,1.4153372322062443
Late Merge,37,67.44700990847389,129.59742440070323,131.3511611284256,62.150414492229345,1.753736727722367
Late Merge,38,67.6525645384789,131.97023564709195,133.42405642316052,64.31767110861306,1.4538207760685664
Late Merge,39,69.95806606467622,133.43343185532498,135.15032057824084,63.475365790648766,1.7168887229158671
Late Merge,40,71.11824774984701,135.4335842455987,138.5711335032242,64.31533649575168,3.1375492576254875
Late Merge,41,71.37855221775591,139.86744718883548,141.60286796665312,68.48889497107957,1.7354207778176398
Late Merge,42,72.74564667402421,146.40770340753926,150.65037085292542,73.66205673351504,4.242667445386173
Late Merge,43,72.81563411691117,150.7548185626365,153.50014109325312,77.93918444572533,2.7453225306166225
Late Merge,44,77.61647989169722,154.01346034997454,156.54284563656094,76.39698045827731,2.5293852865864115
Late Merge,45,78.21539544537859,158.1526384554627,159.95178800933584,79.9372430100841,1.7991495538731506
Late Merge,46,80.38790704250854,160.1799888705974,163.0702057861837,79.79208182808887,2.8902169155862936
Late Merge,47,81.13500020582379,163.8800776985313,165.87713122016484,82.74507749270751,1.997053521633558
Late Merge,48,82.60322199764224,167.19790490273297,169.68331177298472,84.59468290509074,2.485406870251753
Late Merge,49,84.18566959360584,170.64038661014948,174.83244578693763,86.45471701654364,4.192059176788156
Late Merge,50,84.59444679262165,175.04073118757108,177.37348925776382,90.44628439494943,2.332758070192745
Late Merge,51,91.5800610580941,177.8125906282868,181.01708195668678,86.23252957019271,3.204491328399973
Late Merge,52,94.56455181237038,182.54859533158077,184.45637183399265,87.98404351921039,1.9077765024118787
Late Merge,53,100.17474065095355,185.26431616918882,187.63982422584095,85.08957551823526,2.375508056652127
Late Merge,54,104.67904464602195,187.6450675616752,191.28462800662007,82.96602291565326,3.639560444944857
Late Merge,55,106.5011534707885,192.7158810734477,194.67700413299625,86.2147276026592,1.9611230595485627
Late Merge,56,111.6000242293273,194.7129540103078,198.38166800090565,83.11292978098051,3.66871399059785
Late Merge,57,111.78533514723354,199.75104146225868,202.6464678170775,87.96570631502514,2.8954263548188326
Late Merge,58,112.22160453649607,202.87271688572937,204.87899014260339,90.6511123492333,2.0062732568740125
Late Merge,59,112.31416846786973,208.05082686216318,210.89351227950203,95.73665839429344,2.8426854173388643
Late Merge,60,113.1012326414759,211.35228442079165,214.43307253553036,98.25105177931574,3.0807881147387106
Late Merge,61,114.08549322506434,214.82898087983372,217.66424785338575,100.74348765476938,2.8352669735520375
Late Merge,62,114.718614111482,217.82545946172087,219.12630215779754,103.10684535023887,1.3008426960766806
Late Merge,63,118.24772984196386,219.4910153441464,221.382019321069,101.24328550218254,1.891003976922592
Late Merge,64,119.1301838410236,223.47475493324563,225.70149188835958,104.34457109222204,2.2267369551139464
Late Merge,65,119.7897895212921,231.31023811906863,233.6581347186986,111.52044859777654,2.3478965996299674
Late Merge,66,121.35460368770758,234.11749048696737,236.95196095525284,112.76288679925979,2.8344704682854744
Late Merge,67,121.65839998334884,237.5472750157632,240.07166571641648,115.88887503241436,2.5243907006532775
Late Merge,68,124.8993671748983,241.3520550876614,242.81731403656434,116.4526879127631,1.465258948902929
Late Merge,69,125.05431891252093,244.99058971602736,247.65672821173152,119.93627080350643,2.6661384957041743
Late Merge,70,133.72261159169557,248.55577924041015,251.38318926210883,114.83316764871458,2.827410021698676
Late Merge,71,136.68157914417858,251.87998986156475,254.6718431751165,115.19841071738617,2.791853313551728
Late Merge,72,137.12465802519037,255.20392961826684,258.36047612615505,118.07927159307647,3.156546507888235
Late Merge,73,137.13573286594223,259.54994839491087,262.5336939030951,122.41421552896864,2.983745508184233
Late Merge,74,140.51552642091448,262.53691735644736,265.2583434119073,122.02139093553288,2.7214260554599057
Late Merge,75,142.96971823568856,266.2248473307999,268.57573133277884,123.25512909511133,2.350884001978947
Late Merge,76,145.58104405326455,269.0150009445086,270.2523282910474,123.43395689124404,1.2373273465388064
Late Merge,77,148.53147310535158,271.83316577915815,274.53389853255095,123.30169267380657,2.70073275339281
Late Merge,78,148.68533163637917,274.6315010415408,277.17688242255497,125.94616940516161,2.545381381014178
Late Merge,79,149.57311698121163,278.0641054119328,280.65421059796955,128.4909884307212,2.5901051860367614
Late Merge,80,149.81941719042052,281.3100097598632,282.816285756789,131.49059256944267,1.5062759969257833
Late Merge,81,153.79647633373696,283.84441775326366,285.4876781749779,130.0479414195267,1.6432604217142164
Late Merge,82,155.74907871716172,285.55473035348854,288.69193735082155,129.80565163632681,3.1372069973330325
Late Merge,83,156.5527163196643,289.5593993179097,291.93171071021004,133.0066829982454,2.3723113923003414
Late Merge,84,156.68405245127389,292.7560710308129,295.6331215189737,136.07201857953902,2.877050488160837
Late Merge,85,157.42902915209459,296.4556034120744,298.8754262753657,139.02657425997984,2.4198228632913215
Late Merge,86,158.21565757846284,299.8004744080731,302.2213037057201,141.58481682961028,2.4208292976470203
Late Merge,87,160.83140914637832,303.3497607635439,306.4065594277271,142.51835161716556,3.0567986641831983
Late Merge,88,162.86118786423037,308.04125873784307,310.0800274280909,145.1800708736127,2.038768690247838
Late Merge,89,167.2256916890334,310.39449261421714,312.8617771580758,143.16880092518375,2.467284543858688
Late Merge,90,168.503823955786,314.6050288468871,316.68143614479357,146.10120489110108,2.07640729790647
Late Merge,91,168.758568743017,317.3711007610532,319.46695340185056,148.61253201803618,2.095852640797379
Late Merge,92,171.2568214316502,319.5471425893139,321.73072210288586,148.29032115766373,2.1835795135719525
Late Merge,93,174.1176069378039,321.7910571289609,324.3465507691045,147.673450191157,2.555493640143599
Late Merge,94,175.76538192757556,324.7533742774648,326.81825024230034,148.98799234988923,2.064875964835566
Late Merge,95,178.71316186101828,328.35488843169736,331.6339177195988,149.64172657067908,3.2790292879014644
Late Merge,96,180.07479132403884,332.8638271036196,334.6376019920659,152.78903577958076,1.7737748884463471
Late Merge,97,181.55414900159337,336.19167598853954,338.4608658376266,154.63752698694617,2.2691898490870486
Late Merge,98,182.66977738941023,339.1891616708418,341.2813499300499,156.5193842814316,2.0921882592080774
Late Merge,99,182.72127293739047,341.8615238419478,345.27440836099544,159.14025090455735,3.412884519047613
Late Merge,100,182.94960780777419,345.4339347452223,347.97152308878043,162.48432693744812,2.537588343558102
Late Merge,101,183.0134751703603,348.3693069041128,351.49159808174085,165.35583173375252,3.1222911776280444
Late Merge,102,185.0369342722154,352.0607934989601,353.4209012378342,167.0238592267447,1.3601077388741196
Late Merge,103,185.7917276898056,353.51367510943675,356.1006102955452,167.72194741963114,2.586935186108481
Late Merge,104,187.212602044074,356.34985651752584,359.37259807446225,169.13725447345183,3.022741556936406
Late Merge,105,191.97513310376596,360.284461854921,362.7420606474138,168.30932875115505,2.4575987924927967
Late Merge,106,192.54861074973255,364.0725915543235,367.2184278168692,171.52398080459093,3.1458362625457457
Late Merge,107,193.6051746994979,373.62390069750336,375.6617987824331,180.01872599800546,2.0378980849297395
Late Merge,108,196.42267299457507,378.36655438683744,381.75309759496736,181.94388139226237,3.386543208129906
Late Merge,109,196.94228330840986,382.7818999047702,386.7911285913037,185.83961659636037,4.009228686533475
Late Merge,110,197.10249186551022,387.3380099012523,389.48402290894455,190.23551803574207,2.146013007692239
Late Merge,111,197.78677247328434,390.4951117047244,392.58325993974387,192.70833923144008,2.08814823501946
Late Merge,112,198.13838919028447,394.12341257448696,397.54078170846935,195.9850233842025,3.4173691339823904
Late Merge,113,203.44828936204573,397.6667261729554,401.1724266749669,194.21843681090968,3.5057005020114986
Late Merge,114,206.75006352301486,401.69989822613667,403.73389620712936,194.9498347031218,2.0339979809927122
Late Merge,115,208.7570519040559,405.5652427189674,407.67111194700027,196.80819081491148,2.1058692280328994
Late Merge,116,212.86009136509753,408.1553491172852,410.3580998910828,195.29525775218767,2.2027507737976446
Late Merge,117,216.11602924657865,411.20643358729285,412.66531822956887,195.0904043407142,1.458884642276006
Late Merge,118,216.52902019929593,413.5514905121006,415.30843414956166,197.02247031280467,1.7569436374610612
Late Merge,119,220.99064700976706,415.512358887512,417.20946035078555,194.52171187774493,1.6971014632735524
Late Merge,120,222.5408468136994,417.6592464453345,419.52178814976156,195.11839963163507,1.86254170442711
Late Merge,121,225.83554339630655,419.9290217538502,422.30474233267944,194.09347835754363,2.3757205788292532
Late Merge,122,230.364028694879,422.3312882878941,424.89523860066964,191.9672595930151,2.563950312775564
Late Merge,123,231.12949012771566,424.91972779194015,428.40507813691,193.7902376642245,3.4853503449698535
Late Merge,124,231.36267444796334,430.1870677490491,431.888219920532,198.82439330108576,1.7011521714828464
Late Merge,125,231.8800479402421,432.207146126962,435.2961718058956,200.32709818671992,3.0890256789336084
Late Merge,126,232.99416332573932,436.0261463996141,438.27635420865624,203.03198307387478,2.2502078090421436
Late Merge,127,236.4018227790172,438.63121019873614,440.99658560197946,202.22938741971893,2.3653754032432968
Late Merge,128,240.34451272277687,443.821381638138,446.69375528265465,203.47686891536114,2.8723736445166224
Late Merge,129,240.35846554114016,446.99391050085524,448.60800508576165,206.63544495971507,1.614094584906391
Late Merge,130,241.78821785981728,449.1695221021802,451.83720892450907,207.38130424236294,2.6676868223288355
Late Merge,131,242.86876450165462,453.89865535762465,456.4151719033738,211.02989085597002,2.516516545749139
Late Merge,132,243.37109917820626,458.25991177435594,461.00462765916166,214.88881259614968,2.744715884805704
Late Merge,133,243.62645996129757,461.2105471718522,463.8129652225877,217.58408721055466,2.6024180507354724
Late Merge,134,244.45027712102242,465.4357077998365,469.55441789777416,220.98543067881408,4.118710097937626
Late Merge,135,250.17651936640473,470.1672520442566,472.1208340552807,219.99073267785187,1.9535820110240787
Late Merge,136,250.95728697216768,472.78048625283446,474.8087883843332,221.82319928066678,2.0283021314987275
Late Merge,137,252.420192583688,474.9520584412311,476.9158600727338,222.5318658575431,1.963801631502665
Late Merge,138,254.8483665374497,476.9998957148071,479.01106173139493,222.15152917735742,2.0111660165878216
Late Merge,139,255.75231553538362,480.31279183284636,482.2666208437318,224.56047629746274,1.9538290108854375
Late Merge,140,262.887911811967,482.9527152583286,486.18502683010394,220.06480344636162,3.232311571775286
Late Merge,141,269.4519315410498,486.7592373342451,490.153590307838,217.30730579319527,3.3943529735928983
Late Merge,142,270.0320541310342,491.46110390915305,493.4615815035284,221.42904977811884,2.0004775943753668
Late Merge,143,271.4073726879619,494.9119362024958,496.7292873013228,223.50456351453386,1.8173510988270398
Late Merge,144,272.12323360812,496.9023417320832,499.63233262155364,224.77910812396317,2.729990889470483
Late Merge,145,272.79373296088215,500.5745186344705,502.5879625034738,227.78078567358835,2.0134438690033196
Late Merge,146,272.8689019164132,502.7333977030017,505.57644997543053,229.86449578658846,2.843052272428858
Late Merge,147,274.7498860583784,506.96825986325786,509.51030597785376,232.21837380487943,2.5420461145959097
Late Merge,148,276.1469253240377,510.5802000784697,511.91917919797163,234.43327475443203,1.3389791195019376
Late Merge,149,276.25262749879846,515.056811983932,518.540065624863,238.80418448513353,3.483253640931043
Late Merge,150,276.9058793408192,518.6115165323715,522.2686309035383,241.70563719155234,3.657114371166865
Late Merge,151,281.68360124299784,522.3273779303631,524.2984258470241,240.6437766873653,1.9710479166609298
Late Merge,152,282.231322347282,524.629972140619,526.7585810486638,242.39864979333697,2.128608908044811
Late Merge,153,282.54438406925294,527.0619937800202,529.6620995535276,244.51760971076726,2.6001057735074333
Late Merge,154,283.8889282882002,529.9457614498233,532.5798812028142,246.0568331616231,2.6341197529909177
Late Merge,155,292.3770022534307,534.9470536770306,537.8080346679016,242.57005142359986,2.8609809908709813
Late Merge,156,292.93129188055013,538.0951118564651,541.9022550336016,245.16381997591498,3.8071431771364446
Late Merge,157,295.1616019011447,542.2196402092558,544.49577715001,247.05803830811107,2.2761369407541654
Late Merge,158,298.0293771536236,545.9203894036071,547.7615813324302,247.89101224998353,1.8411919288230822
Late Merge,159,298.5720434982952,548.3589454312952,549.793421971685,249.78690193299997,1.434476540389831
Late Merge,160,301.17754135527986,551.2927083699435,553.1810573419841,250.11516701466365,1.8883489720406565
Late Merge,161,302.09458695380846,553.248657780746,555.6254688997344,251.15407082693758,2.376811118988342
Late Merge,162,304.095594449272,556.2940623918381,559.9502528963005,252.19846794256608,3.6561905044624514
Late Merge,163,306.1032701035473,559.9844444212384,562.0221165119132,253.88117431769115,2.03767209067468
Late Merge,164,307.638040603452,562.0868184634238,564.6434700295711,254.4487778599718,2.5566515661472287
Late Merge,165,307.8272989210752,567.0125951477165,569.4010991204656,259.1852962266413,2.3885039727490733
Late Merge,166,311.43458850956785,569.551044919512,572.7829202109257,258.1164564099442,3.2318752914136586
Late Merge,167,312.20820909690264,573.5431064919879,577.7119591900995,261.3348973950853,4.168852698111535
Late Merge,168,312.62107331011777,578.2414506120181,580.2698424709738,265.6203773019003,2.0283918589557755
Late Merge,169,312.70433282970646,580.6965465265683,582.7539389168056,267.9922136968619,2.0573923902372444
Late Merge,170,314.4918896388956,585.0548588538145,588.1857714677628,270.5629692149189,3.1309126139483503
Late Merge,171,316.7555931074303,588.2078365171178,591.0851605598563,271.4522434096875,2.877324042738418
Late Merge,172,316.78904700254725,592.175178940689,595.8678740687042,275.3861319381417,3.6926951280152234
Late Merge,173,318.2243081716462,599.1754290481725,601.9841787779008,280.9511208765263,2.8087497297281745
Late Merge,174,318.73795646575616,602.8055416381816,604.9540371746307,284.0675851724254,2.148495536449058
Late Merge,175,320.81020514885154,607.7158436275498,610.5293020090344,286.9056384786983,2.8134583814846166
Late Merge,176,321.1934135939298,610.5829748473302,613.7590673537383,289.3895612534004,3.176092506408035
Late Merge,177,323.54183864906526,614.3017162060355,617.2760537328736,290.75987755697025,2.9743375268381547
Late Merge,178,324.51975605102746,617.5773720794243,620.3324639011994,293.05761602839686,2.7550918217751086
Late Merge,179,330.0404436866361,621.6448424642725,624.791514746985,291.60439877763645,3.1466722827124074
Late Merge,180,330.33633251351466,628.7705909258266,631.9890978391386,298.4342584123119,3.2185069133119706
Late Merge,181,331.170597381505,632.2855247867222,635.6530360804485,301.11492740521726,3.367511293726269
Late Merge,182,331.411485951579,636.7148573402785,639.5689542615912,305.30337138869953,2.85409692131275
Late Merge,183,336.5838667458804,639.7897226767255,642.0727400205037,303.20585593084513,2.283017343778202
Late Merge,184,340.7805341602024,642.9059087626516,645.4086083431549,302.1253746024492,2.502699580503326
Late Merge,185,341.3771889003254,646.0321035113273,649.2766597878831,304.65491461100186,3.2445562765558495
Late Merge,186,343.53471437841324,652.8524009187912,654.6805459491002,309.31768654037796,1.8281450303089346
Late Merge,187,346.9336825236917,655.6183853771379,658.2764566933489,308.6847028534462,2.6580713162110308
Late Merge,188,348.5539472450647,658.7064804701018,660.8311433014727,310.15253322503713,2.1246628313708475
Late Merge,189,350.0625060654526,660.9522897450483,663.3724111211027,310.8897836795957,2.420121376054372
Late Merge,190,350.61626015632845,663.5363979848241,666.8313142886492,312.9201378284957,3.294916303825109
Late Merge,191,350.81171243727835,667.0866155637901,669.620384911404,316.2749031265118,2.5337693476139322
Late Merge,192,355.3619588876674,669.9093566969653,672.3418622806746,314.54739780929793,2.432505583709304
Late Merge,193,359.9755077429643,674.2430977749377,675.6911984762518,314.26759003197344,1.4481007013140565
Late Merge,194,361.98084758193005,676.5149619613686,679.4373394575877,314.53411437943856,2.9223774962190543
Late Merge,195,362.8089406015527,680.1783981023731,683.0302370291719,317.3694575008204,2.8518389267987527
Late Merge,196,363.668075833176,683.1521435355131,687.0664218418269,319.48406770233714,3.914278306313822
Late Merge,197,366.2570066926302,689.033533005982,691.2180882415149,322.7765263133518,2.1845552355328994
Late Merge,198,370.80520139084473,692.5011558533888,695.0545610827536,321.6959544625441,2.553405229364757
Late Merge,199,375.167466529638,695.1246277754731,697.6991963540706,319.9571612458351,2.5745685785975287
Late Merge,200,378.1945909134998,698.929633254673,702.4338505505075,320.73504234117325,3.5042172958344318
Late Merge,201,380.2492123006352,703.2181008511249,705.551393978454,322.9688885504897,2.3332931273291333
Late Merge,202,380.42499575302736,705.6366527239237,708.2319677919629,325.21165697089634,2.595315068039237
Late Merge,203,380.7775841823942,708.8450119125696,711.6705394693712,328.0674277301754,2.8255275568015774
Late Merge,204,385.35404518274925,712.3335382877862,714.8641646739956,326.9794931050369,2.5306263862094505
Late Merge,205,387.21903307668043,715.0454162516173,717.1329127214319,327.8263831749369,2.08749646981463
Late Merge,206,387.2375122879024,720.0461096488314,722.5819726438601,332.80859736092896,2.535862995028815
Late Merge,207,387.45150609077433,724.4789284520948,727.6304706769967,337.0274223613205,3.1515422249018403
Late Merge,208,389.6298308653548,728.7361750672569,730.4176143576692,339.1063442019021,1.6814392904122577
Late Merge,209,389.6399797394584,731.0380605973381,733.5311393692409,341.39808085787973,2.493078771902813
Late Merge,210,389.9906113716668,734.0617690409978,735.9716844705404,344.071157669331,1.9099154295425786
Late Merge,211,391.5820070639446,737.0242918048544,740.2608244451019,345.4422847409098,3.2365326402473897
Late Merge,212,393.93663763725425,741.0492319194057,742.383001086057,347.1125942821514,1.3337691666513576
Late Merge,213,396.04752060152475,742.4472976160841,744.4560523229941,346.3997770145594,2.008754706909888
Late Merge,214,396.5554203361408,745.1745227449281,747.8385710574734,348.61910240878734,2.6640483125451646
Late Merge,215,399.0462549139379,749.4805508458414,752.9764176663055,350.43429593190353,3.495866820464038
Late Merge,216,399.5879024320435,753.5911971614377,755.9451719786865,354.00329472939416,2.3539748172489086
Late Merge,217,400.37517224987965,755.998526952195,758.0098872835098,355.62335470231534,2.011360331314761
Late Merge,218,403.11988735321125,759.552967390321,763.2697773389294,356.43308003710973,3.7168099486084127
Late Merge,219,405.2174349818168,763.4946270726153,764.881017342324,358.27719209079856,1.3863902697086292
Late Merge,220,409.00134713674356,765.1802604330724,766.0410962634382,356.1789132963288,0.8608358303659427
Late Merge,221,411.14497371308306,766.2210682068556,768.929078321893,355.0760944937726,2.7080101150373324
Late Merge,222,412.8250623242576,769.3298769323648,771.378438975318,356.50481460810715,2.048562042953172
Late Merge,223,413.0217764471544,772.7921107231344,774.477247751143,359.77033427598,1.6851370280085007
Late Merge,224,413.93860906156846,775.209938284667,778.1057877977765,361.2713292230986,2.8958495131095474
Late Merge,225,414.55492935728614,778.3350516325636,780.9057121322035,363.78012227527745,2.570660499639839
Late Merge,226,415.114329764611,783.0080545334689,785.0131994919532,367.8937247688579,2.00514495848429
Late Merge,227,422.33894857693684,787.1299845430331,788.6337714639634,364.7910359660962,1.5037869209303738
Late Merge,228,423.3377235710169,790.6784516440658,793.689171773862,367.3407280730489,3.010720129796101
Late Merge,229,427.789833993514,793.9620259402689,796.81716676484,366.1721919467549,2.8551408245710626
Late Merge,230,429.78450276498694,797.4172596612723,799.7478365566267,367.63275689628534,2.3305768953544317
Late Merge,231,432.95215327036374,803.9468522815566,807.63949817879,370.9946990111929,3.692645897233366
Late Merge,232,434.3490239191413,809.1179625509727,810.7689032145444,374.7689386318314,1.6509406635716932
Late Merge,233,436.0693357244245,810.7964464931813,812.128578873534,374.7271107687568,1.3321323803526828
Late Merge,234,437.4259225911079,812.1960064613531,814.1116708124363,374.77008387024523,1.9156643510831288
Late Merge,235,437.8603523817584,814.7351639102073,817.1032536987585,376.87481152844896,2.3680897885511514
Late Merge,236,440.42387598788997,819.5025722484122,822.0729098629381,379.07869626052224,2.5703376145258843
Late Merge,237,441.0830307246225,822.8466204489421,825.0777552084427,381.76358972431956,2.231134759500569
Late Merge,238,441.1322636867839,825.7665369474915,828.4129757250515,384.63427326070763,2.646438777560008
Late Merge,239,443.20620125937444,828.5244366995681,830.0483591026348,385.3182354401937,1.523922403066689
Late Merge,240,443.5960683998241,831.1177430457658,834.5283782686171,387.5216746459417,3.4106352228512815
Late Merge,241,449.2382346943707,836.2549297192472,838.5974238943725,387.0166950248765,2.3424941751252017
Late Merge,242,455.3933595199467,839.0761373563397,842.2582444384514,383.682777836393,3.1821070821116892
Late Merge,243,460.32037928921443,843.7526223567897,846.3925300992541,383.4322430675753,2.6399077424643926
Late Merge,244,461.2449540822092,849.7300952613062,852.4498225147139,388.48514117909707,2.7197272534076484
Late Merge,245,461.2761087129531,852.6776852578273,855.4765223539898,391.4015765448742,2.7988370961625426
Late Merge,246,466.54715562761686,856.217452431692,858.9308484237041,389.6702968040751,2.7133959920121202
Late Merge,247,467.665032181723,859.2693157905932,862.1192217225005,391.60428360887016,2.849905931907281
Late Merge,248,474.4667162139671,863.693555165718,867.0239619368107,389.22683895175084,3.3304067710927017
Late Merge,249,481.0941871662275,867.8857487777503,870.4233135965413,386.7915616115228,2.537564818791029
Late Merge,250,484.92896120058634,871.4300281143746,874.3263307446866,386.5010669137883,2.8963026303119586
Late Merge,251,485.62651333693066,875.9253934641376,878.2625784781366,390.298880127207,2.3371850139989414
Late Merge,252,486.599097201128,878.7667106740583,882.174792724873,392.1676134729303,3.408082050814631
Late Merge,253,490.40855050608417,884.640956937486,886.5674823260445,394.2324064314018,1.9265253885585112
Late Merge,254,491.1708429689456,887.3289701634999,890.9896284665375,396.1581271945543,3.660658303037571
Late Merge,255,491.5422802015371,891.1615500781269,893.5334395126758,399.6192698765898,2.3718894345489594
Late Merge,256,493.16975418565755,894.7238352971722,896.1222927256896,401.5540811115146,1.3984574285173663
Late Merge,257,498.67234112727164,897.6985925716135,900.1882656620511,399.0262514443419,2.4896730904375524
Late Merge,258,501.0539923227875,900.5691772068468,902.4924410466144,399.5151848840593,1.9232638397675834
Late Merge,259,502.7422169956588,904.4386060271278,907.4270565114199,401.696389031469,2.9884504842921067
Late Merge,260,502.94667339035743,909.793042157451,911.7362053719394,406.8463687670936,1.9431632144883262
Late Merge,261,504.85573482139284,912.0604193315098,914.1480909282594,407.204684510117,2.087671596749654
Late Merge,262,514.0768743170855,918.2537880505412,919.3311095388793,404.17691373345565,1.0773214883381284
Late Merge,263,514.37871549037,919.4827601292599,921.5661457057855,405.10404463888983,2.083385576525646
Late Merge,264,515.8397061403331,921.7918120221002,922.49509649346,405.9521058817671,0.7032844713597304
Late Merge,265,520.0369234161346,922.6987129937276,923.9899810172875,402.6617895775929,1.2912680235599936
Late Merge,266,522.736991912842,926.2342001314717,929.1664903907727,403.4972082186297,2.932290259301008
Late Merge,267,525.1251407634453,930.2286527793074,933.1787128903629,405.10351201586207,2.950060111055582
Late Merge,268,527.5497158758943,933.3437105166132,936.0415308098627,405.7939946407189,2.697820293249475
Late Merge,269,528.4407005605242,936.6219270047526,938.3450437045622,408.1812264442284,1.7231166998095508
Late Merge,270,529.1358247290584,939.3003300401101,941.6669320908107,410.1645053110517,2.366602050700614
Late Merge,271,532.4505737435778,941.7540861161444,944.151564338781,409.3035123725666,2.397478222636602
Late Merge,272,535.7732301417519,946.2921697791232,947.8813144966884,410.5189396373713,1.5891447175652202
Late Merge,273,539.8091302364877,949.508934381142,952.9613131923791,409.6998041446543,3.452378811237005
Late Merge,274,544.698362160161,953.6649285204609,956.6790821238639,408.9665663602999,3.0141536034029697
Late Merge,275,546.1305486340268,960.094174046914,962.3394991252331,413.96362541288715,2.2453250783192353
Late Merge,276,547.5229173891292,962.8803733522625,965.2991934395586,415.35745596313325,2.4188200872961714
Late Merge,277,550.7248172537462,969.4412788160098,971.9871467815731,418.7164615622636,2.5458679655632865
Late Merge,278,552.8242554035218,973.0895261532078,974.0603117453107,420.265270749686,0.9707855921029965
Late Merge,279,555.2453567005448,975.0672694548043,977.2942452870399,419.82191275425953,2.226975832235582
Late Merge,280,558.4225956504532,977.4757130827466,979.3983241091481,419.05311743229333,1.922611026401541
Late Merge,281,562.8372426031467,981.5347827332362,983.2336487263098,418.69754013008946,1.698865993073559
Late Merge,282,563.662207417422,983.79137325766,985.9946030526398,420.129165840238,2.2032297949798316
Late Merge,283,564.6040809948771,986.1716187971225,989.8299993659172,421.5675378022454,3.6583805687946658
Late Merge,284,564.8014730732518,989.8426870350401,992.691277037927,425.04121396178823,2.848590002886907
Late Merge,285,566.5283011264708,993.5117024796408,995.5118771867928,426.98340135317005,2.000174707152042
Late Merge,286,566.6015093348925,996.2613823014514,999.0621902484007,429.65987296655885,2.800807946949311
Late Merge,287,567.8547232312567,1000.3328500931478,1003.712398898758,432.47812686189116,3.3795488056102014
Late Merge,288,569.4193124026309,1005.9220225044934,1008.9692660825323,436.5027101018625,3.047243578038938
Late Merge,289,570.0945737232599,1009.0520028827128,1011.493744141657,438.9574291594529,2.4417412589441216
Late Merge,290,571.8818387835523,1012.8086354354176,1014.7557796910237,440.9267966518653,1.9471442556060983
Late Merge,291,571.9437889077552,1014.963310685179,1017.8520670047085,443.01952177742373,2.888756319529513
Late Merge,292,572.0199159063208,1019.805242857277,1022.4806826270723,447.78532695095623,2.675439769795225
Late Merge,293,575.478618645397,1024.1902918416833,1027.2169270957027,448.71167319628637,3.0266352540194124
Late Merge,294,576.3717886938125,1027.9951829300016,1030.839803191179,451.62339423618914,2.8446202611773788
Late Merge,295,576.6435667764074,1032.078515134491,1035.2132020352146,455.4349483580836,3.1346869007235343
Late Merge,296,578.1208739529654,1035.590590185826,1037.6159255377336,457.4697162328605,2.0253353519076023
Late Merge,297,581.0601698338569,1038.2530098245231,1041.5751856704671,457.19283999066624,3.322175845944028
Late Merge,298,581.5464058407167,1043.2991195764262,1045.837439299711,461.75271373570945,2.5383197232846797
Late Merge,299,583.4968450780297,1046.452265618135,1050.3049482289728,462.95542054010537,3.8526826108376855
Late Merge,300,583.6752671360094,1050.7478010251593,1052.6653695524967,467.0725338891499,1.9175685273373024
Late Merge,301,583.7813973278301,1053.3470081065816,1056.9621827687972,469.56561077875153,3.6151746622156744
Late Merge,302,585.2972152090811,1058.7238937640645,1061.2624313124884,473.4266785549835,2.5385375484238533
Late Merge,303,586.8530360944706,1061.6707124529528,1063.6147198504227,474.81767635848223,1.9440073974698862
Late Merge,304,588.8821109908798,1063.805591769364,1065.866871685526,474.9234807784841,2.061279916161975
Late Merge,305,591.4720321167132,1067.111715167261,1069.2874720515251,475.6396830505479,2.1757568842639756
Late Merge,306,598.9191461341131,1071.03604682481,1073.7329629872913,472.11690069069687,2.6969161624813416
Late Merge,307,600.3717283725739,1073.8390320633894,1076.6050169050143,473.46730369081547,2.76598484162485
Late Merge,308,601.1517678007858,1076.8792881233223,1078.8776981205654,475.7275203225365,1.9984099972429947
Late Merge,309,604.3230757602512,1079.0308166546263,1081.4137684400437,474.7077408943751,2.382951785417312
Late Merge,310,604.9547786911235,1081.8413893015997,1085.7409785526281,476.8866106104763,3.8995892510283046
Late Merge,311,606.1107455536701,1086.3394539005483,1089.9487341196188,480.2287083468782,3.609280219070498
Late Merge,312,606.2741558908374,1091.3303448141028,1094.0357713828746,485.0561889232654,2.705426568771822
Late Merge,313,606.3255111099203,1095.08887770841,1097.515480143128,488.7633665984898,2.42660243471774
Late Merge,314,612.9002709564575,1098.4855107584767,1100.9695326871795,485.58523980201926,2.484021928702783
Late Merge,315,616.5158062406875,1101.4039760585865,1104.2334386394978,484.888169817899,2.8294625809112914
Late Merge,316,618.8970917062862,1106.0751084845322,1107.7591536888933,487.17801677824593,1.684045204361116
Late Merge,317,619.9488109952165,1108.3964635329373,1110.616299956741,488.44765253772084,2.2198364238036583
Late Merge,318,620.3294240675007,1114.484542373336,1115.7165335216216,494.15511830583523,1.2319911482856871
Late Merge,319,620.6696655506464,1116.7220438986315,1119.4015000844552,496.05237834798504,2.679456185823695
Late Merge,320,621.2456775288996,1119.5364779416361,1122.389515099428,498.29080041273653,2.8530371577919187
Late Merge,321,622.8392588255263,1123.5170750439388,1125.5788445203293,500.67781621841254,2.061769476390438
Late Merge,322,625.3469574010799,1125.972041217249,1129.473831951552,500.6250838161691,3.5017907343030226
Late Merge,323,627.5057381004734,1130.633236815577,1132.1752008514754,503.12749871510357,1.5419640358983613
Late Merge,324,628.1625626232515,1132.2473857565449,1133.622323340398,504.0848231332934,1.374937583853126
Late Merge,325,634.3587696203641,1133.8145515308572,1136.3716678038493,499.4557819104931,2.5571162729919803
Late Merge,326,637.0368044301146,1138.3077868548673,1141.4407556666958,501.2709824247528,3.132968811828508
Late Merge,327,638.6532653939772,1141.6984642100026,1145.2772135940231,503.0451988160254,3.578749384020508
Late Merge,328,640.5453263380521,1147.0914710061359,1149.1702520221277,506.5461446680838,2.078781015991742
Late Merge,329,641.6334020691162,1149.4977511615064,1152.6528277449083,507.86434909239017,3.155076583401907
Late Merge,330,642.2027246536643,1153.6825165126586,1156.0555605840082,511.4797918589943,2.3730440713495047
Late Merge,331,643.0827529123105,1157.2402229524378,1159.519383842479,514.1574700401272,2.279160890041426
Late Merge,332,645.919116607824,1160.2381663237677,1163.2567282800085,514.3190497159437,3.0185619562406707
Late Merge,333,645.9481127672656,1163.6210188301975,1166.4776448450868,517.6729060629319,2.8566260148893936
Late Merge,334,646.1948735517456,1166.7167201052516,1168.0132455953626,520.5218465535061,1.2965254901110255
Late Merge,335,646.2890623056506,1168.0469982145733,1171.4805764593814,521.7579359089226,3.433578244808127
Late Merge,336,646.3722252094852,1171.8429050712825,1175.2089690191858,525.4706798617973,3.366063947903216
Late Merge,337,650.2406312767165,1176.267868765278,1178.2299748742214,526.0272374885616,1.9621061089433294
Late Merge,338,652.6731125001179,1181.0155243201307,1183.692586793537,528.3424118200128,2.677062473406186
Late Merge,339,653.9586816889437,1185.7421160596334,1188.4879371900313,531.7834343706897,2.745821130397917
Late Merge,340,654.1645955258393,1189.9406482147788,1192.5231198508554,535.7760526889394,2.582471636076735
Late Merge,341,655.5176314574338,1194.0764011942692,1196.0911875865775,538.5587697368354,2.014786392308206
Late Merge,342,656.8005321216226,1197.1847672704992,1199.1146309129424,540.3842351488765,1.929863642443364
Late Merge,343,657.1809215472231,1199.4161237262397,1201.7982358765457,542.2352021790166,2.3821121503059883
Late Merge,344,658.3187198098277,1204.1754909687409,1207.3964012822223,545.8567711589131,3.2209103134815553
Late Merge,345,659.3353930389941,1208.5072854996424,1211.2878056078584,549.1718924606483,2.7805201082161024
Late Merge,346,661.2488379048203,1212.1097880957448,1214.2503580632845,550.8609501909244,2.140569967539726
Late Merge,347,663.2650669769022,1214.3680042611688,1217.3081933586227,551.1029372842667,2.940189097453841
Late Merge,348,663.3577916249433,1217.9006910820067,1218.5006910820066,554.5428994570634,0.6
Late Merge,349,664.2965596342534,1219.1175409068096,1222.3216768970701,554.8209812725562,3.2041359902604722
Late Merge,350,666.2628096238188,1224.320930088927,1225.5031304437823,558.0581204651082,1.1822003548553301
Late Merge,351,667.6616885290344,1226.294217342768,1228.4405086837858,558.6325288137335,2.1462913410178075
Late Merge,352,671.5443874353854,1228.9191907402333,1230.535421813995,557.3748033048479,1.6162310737616992
Late Merge,353,673.6943369634954,1234.2990389743475,1235.7927619413429,560.6047020108521,1.493722966995366
Late Merge,354,674.0500427010301,1235.9101057409696,1239.1226844921346,561.8600630399395,3.2125787511649633
Late Merge,355,674.1964075735425,1239.671815190786,1241.7444243498676,565.4754076172435,2.072609159081676
Late Merge,356,676.2531958677603,1241.7873576081745,1244.429910325386,565.5341617404142,2.642552717211501
Late Merge,357,676.3069340130951,1245.776615275049,1248.1437708698336,569.4696812619538,2.3671555947845713
Late Merge,358,678.0696287687097,1250.6457409009975,1253.3796694800537,572.5761121322878,2.733928579056185
Late Merge,359,683.704139679484,1253.7082253949677,1256.1620007187098,570.0040857154837,2.4537753237421787
Late Merge,360,685.4177045706391,1258.1163380142227,1259.6182434572906,572.6986334435836,1.5019054430680012
Late Merge,361,686.4003059550869,1259.963862925209,1263.061249698822,573.5635569701221,3.097386773612998
Late Merge,362,688.4619602707769,1265.4777894834358,1267.532159875223,577.0158292126589,2.054370391787081
Late Merge,363,689.6878722188791,1268.9344287668353,1270.2448214377735,579.2465565479562,1.3103926709381744
Late Merge,364,691.2655009400318,1271.8790992049499,1273.9794185922738,580.6135982649181,2.1003193873238613
Late Merge,365,696.9417552324977,1273.9975892386879,1277.448121092132,577.0558340061901,3.4505318534440175
Late Merge,366,697.917610287198,1280.7398460645684,1283.735001284048,582.8222357773703,2.995155219479445
Late Merge,367,704.4157940102116,1285.0320803362126,1287.1880238421272,580.616286326001,2.1559435059144985
Late Merge,368,709.1309463777515,1287.551509203525,1289.7070288105022,578.4205628257736,2.1555196069770997
Late Merge,369,709.5667388996324,1291.475431182107,1293.650286646255,581.9086922824747,2.174855464147832
Late Merge,370,709.7105072102387,1293.9809057238622,1297.8346293123548,584.2703985136235,3.8537235884925884
Late Merge,371,709.9229578812019,1299.8962611097693,1302.5636159263313,589.9733032285674,2.6673548165620873
Late Merge,372,709.9597376568963,1302.6830532688125,1305.3840824218462,592.7233156119162,2.7010291530337485
Late Merge,373,710.1581476802078,1306.6004179218903,1309.7216163397127,596.4422702416825,3.1211984178222894
Late Merge,374,712.4558974253621,1310.49966471068,1313.0668171219986,598.0437672853179,2.5671524113185593
Late Merge,375,712.6035966792549,1313.168334443525,1315.3870049414506,600.5647377642701,2.218670497925508
Late Merge,376,713.3719110558446,1315.663936776339,1317.9264918819795,602.2920257204943,2.2625551056405153
Late Merge,377,717.0989631360392,1317.9389734904546,1320.2888526088648,600.8400103544154,2.349879118410155
Late Merge,378,717.1460571424007,1320.921408985525,1323.295353419968,603.7753518431243,2.3739444344431107
Late Merge,379,720.5151181547726,1323.6538375148052,1326.5631781953512,603.1387193600326,2.9093406805458857
Late Merge,380,721.1772850884519,1327.4753710457667,1329.9117331658317,606.2980859573148,2.4363621200651093
Late Merge,381,721.42878532811,1330.2644698857769,1333.1773179398278,608.8356845576668,2.9128480540509054
Late Merge,382,723.8150961449899,1333.5338773354524,1335.8773757293764,609.7187811904626,2.3434983939239924
Late Merge,383,725.7978944978563,1337.2368069522033,1339.6918515854245,611.438912454347,2.4550446332212634
Late Merge,384,729.9967261260302,1339.7411918786645,1340.742451399492,609.7444657526343,1.0012595208275246
Late Merge,385,732.653313283559,1343.0744137616832,1346.115843133975,610.4211004781242,3.041429372291737
Late Merge,386,735.907304895547,1348.028170665589,1350.6707125987175,612.120865770042,2.642541933128595
Late Merge,387,736.5699726201605,1351.7727447782308,1354.8713518551326,615.2027721580704,3.0986070769017564
Late Merge,388,736.9606392122414,1355.7708384952089,1356.3708384952088,618.8101992829675,0.6
Late Merge,389,739.7381520042522,1358.5992673856517,1362.4611296789983,618.8611153813995,3.861862293346509
Late Merge,390,743.0265703707391,1362.6661020550823,1364.9683893153738,619.6395316843432,2.3022872602913784
Late Merge,391,752.3405801510196,1365.050651075698,1368.2263790474142,612.7100709246783,3.1757279717162614
Late Merge,392,753.4047388593248,1368.5001715874484,1370.1722374384606,615.0954327281237,1.6720658510121285
Late Merge,393,754.3352266832483,1371.7549276743232,1374.583869407867,617.4197009910749,2.8289417335437985
Late Merge,394,757.3311356899354,1374.6191549513624,1376.281764057141,617.2880192614269,1.6626091057784407
Late Merge,395,758.1646030317969,1377.1559699963605,1379.1193317238733,618.9913669645636,1.9633617275129363
Late Merge,396,763.5048788805956,1384.5092198327334,1388.2490417804402,621.0043409521378,3.73982194770675
Late Merge,397,767.4145571949281,1390.1848755242759,1392.4513978437415,622.7703183293478,2.266522319465657
Late Merge,398,768.5352684138124,1393.1883834157502,1395.740586426976,624.6531150019377,2.552203011225806
Late Merge,399,771.3148378468034,1395.8063426591286,1398.8153900706106,624.4915048123253,3.0090474114821277
Late Merge,400,774.1241038205134,1400.5954592249375,1403.3424365465182,626.4713554044241,2.746977321580823
